	1	2	3	4	Total_generate	generation_growth
1	0.0	196.03420569757094	395.6279939900295	615.0507932868327	1206.712992974433	0.9944369597298475
2	134.322919372871	0.0	509.2888217212695	412.0069747361934	1055.618715830334	0.9946773245433468
3	233.5069837129339	121.60489407627388	0.0	30.889675393203085	386.0015531824109	0.98445199732247
4	309.5585365631106	420.20503701650017	52.36611518507788	0.0	782.1296887646886	0.984491461021194
Total_attract	677.3884396489154	737.8441367903449	957.2829308963769	1057.9474434162291	2585	
attract_growth	0.9890927579857359	0.9893688430940615	0.9923920811065153	0.9924878655686658		
