,1,2,3,4,Total_generate,generation_growth
1,0.0,191.56746233145628,393.9815044115253,612.8612056491875,1198.410172392169,1.001326613912712
2,130.92396556232606,0.0,506.7281196663214,410.183094522496,1047.8351797511434,1.0020659930976652
3,236.21590685376628,123.22624660499682,0.0,31.917345910200986,391.35949936896407,0.9709742592494105
4,313.122639871479,425.77076674632985,54.07093426739466,0.0,792.9643408852036,0.9710398819957428
Total_attract,680.2625122875713,740.5644756827829,954.7805583452414,1054.9616460818845,2585,
attract_growth,0.9849138941185208,0.9857345632558965,0.9949930292322597,0.9952968469514394,,
